{
  "Component.js.map": 1720595292785,
  "manifest.json": 1720595292568,
  "controller/IncidentPortalLandingEMP.controller.js": 1720589632294,
  "controller/IncidentPortalEMP.controller.js": 1720589669229,
  "controller/App.controller.js": 1720504625269,
  "model/models.js": 1720504625265,
  "Component.js": 1720506444722,
  "controller/IncidentPortalEMP-dbg.controller.js": 1720589669229,
  "controller/IncidentPortalEMP.controller.js.map": 1720595292897,
  "controller/IncidentPortalLandingEMP-dbg.controller.js": 1720589632294,
  "controller/IncidentPortalLandingEMP.controller.js.map": 1720595292798,
  "controller/App-dbg.controller.js": 1720504625269,
  "controller/App.controller.js.map": 1720595292779,
  "model/models-dbg.js": 1720504625265,
  "model/models.js.map": 1720595292781,
  "Component-dbg.js": 1720506444722,
  "i18n/i18n.properties": 1720504644717,
  "Component-preload.js": 1720595293214,
  "Component-preload.js.map": 1720595293214,
  "view/IncidentPortalLandingEMP.view.xml": 1720590523048,
  "view/IncidentPortalEMP.view.xml": 1720507776968,
  "view/App.view.xml": 1720504625273,
  "css/style.css": 1720504625273,
  "index.html": 1720504625257
}