{
  "css/style.css": 1721114519561,
  "model/models.js": 1721114519561,
  "controller/IncidentPortalLandingEMP.controller.js": 1721114519561,
  "controller/IncidentPortalEMP.controller.js": 1721114519561,
  "controller/App.controller.js": 1721114519561,
  "manifest.json": 1721118904121,
  "Component.js": 1721114519561,
  "controller/App-dbg.controller.js": 1721114519561,
  "controller/App.controller.js.map": 1721118904440,
  "controller/IncidentPortalLandingEMP-dbg.controller.js": 1721114519561,
  "controller/IncidentPortalLandingEMP.controller.js.map": 1721118904465,
  "controller/IncidentPortalEMP-dbg.controller.js": 1721114519561,
  "controller/IncidentPortalEMP.controller.js.map": 1721118904586,
  "model/models-dbg.js": 1721114519561,
  "model/models.js.map": 1721118904435,
  "Component-dbg.js": 1721114519561,
  "Component.js.map": 1721118904442,
  "Component-preload.js": 1721118905121,
  "Component-preload.js.map": 1721118905121,
  "view/IncidentPortalLandingEMP.view.xml": 1721114519565,
  "view/IncidentPortalEMP.view.xml": 1721114519565,
  "view/App.view.xml": 1721114519561,
  "i18n/i18n.properties": 1721118484422,
  "index.html": 1721114519561
}