{
  "css/style.css": 1726636057721,
  "model/models.js": 1726636057721,
  "controller/IncidentPortalEMP.controller.js": 1726636057721,
  "controller/App.controller.js": 1726636057721,
  "controller/IncidentPortalLandingEMP.controller.js": 1726636057721,
  "manifest.json": 1727781372389,
  "Component.js": 1726636057721,
  "model/models-dbg.js": 1726636057721,
  "model/models.js.map": 1727781372622,
  "controller/IncidentPortalEMP-dbg.controller.js": 1726636057721,
  "controller/IncidentPortalEMP.controller.js.map": 1727781372742,
  "controller/App-dbg.controller.js": 1726636057721,
  "controller/App.controller.js.map": 1727781372617,
  "controller/IncidentPortalLandingEMP-dbg.controller.js": 1726636057721,
  "controller/IncidentPortalLandingEMP.controller.js.map": 1727781372635,
  "Component-dbg.js": 1726636057721,
  "Component.js.map": 1727781372622,
  "Component-preload.js": 1727781372989,
  "Component-preload.js.map": 1727781372989,
  "view/IncidentPortalLandingEMP.view.xml": 1726636057721,
  "view/IncidentPortalEMP.view.xml": 1727767003183,
  "view/App.view.xml": 1726636057721,
  "i18n/i18n.properties": 1726636057721,
  "index.html": 1726636057721
}