{
  "view/App.view.xml": 1720674086956,
  "Component.js": 1720674086956,
  "controller/IncidentPortalLandingHS.controller.js": 1720674086956,
  "controller/IncidentPortalHS.controller.js": 1720701833906,
  "controller/App.controller.js": 1720674086956,
  "manifest.json": 1720704523299,
  "model/models.js": 1720674086956,
  "model/models-dbg.js": 1720674086956,
  "model/models.js.map": 1720704523624,
  "controller/IncidentPortalLandingHS-dbg.controller.js": 1720674086956,
  "controller/IncidentPortalLandingHS.controller.js.map": 1720704523644,
  "controller/IncidentPortalHS-dbg.controller.js": 1720701833906,
  "controller/IncidentPortalHS.controller.js.map": 1720704523806,
  "controller/App-dbg.controller.js": 1720674086956,
  "controller/App.controller.js.map": 1720704523622,
  "Component-dbg.js": 1720674086956,
  "Component.js.map": 1720704523629,
  "Component-preload.js": 1720704524326,
  "Component-preload.js.map": 1720704524327,
  "view/IncidentPortalLandingHS.view.xml": 1720674086956,
  "view/IncidentPortalHS.view.xml": 1720674086956,
  "i18n/i18n.properties": 1720674086956,
  "fragments/Notes.fragment.xml": 1720674086956,
  "fragments/InvestigationBy.fragment.xml": 1720674086956,
  "fragments/FollowUp.fragment.xml": 1720674086956,
  "fragments/CorrectiveAction.fragment.xml": 1720674086956,
  "css/style.css": 1720674086956,
  "index.html": 1720674086956
}