{
  "model/models.js.map": 1720704530802,
  "model/models.js": 1720674086952,
  "controller/IncidentPortalLandingEMP.controller.js": 1720674086952,
  "controller/IncidentPortalEMP.controller.js": 1720701806758,
  "controller/App.controller.js": 1720674086952,
  "manifest.json": 1720704530424,
  "Component.js": 1720674086952,
  "controller/App-dbg.controller.js": 1720674086952,
  "controller/App.controller.js.map": 1720704530806,
  "controller/IncidentPortalLandingEMP-dbg.controller.js": 1720674086952,
  "controller/IncidentPortalLandingEMP.controller.js.map": 1720704530830,
  "controller/IncidentPortalEMP-dbg.controller.js": 1720701806758,
  "controller/IncidentPortalEMP.controller.js.map": 1720704531021,
  "model/models-dbg.js": 1720674086952,
  "i18n/i18n.properties": 1720674086952,
  "Component-dbg.js": 1720674086952,
  "Component.js.map": 1720704530810,
  "Component-preload.js": 1720704531667,
  "Component-preload.js.map": 1720704531667,
  "view/IncidentPortalLandingEMP.view.xml": 1720674086952,
  "view/IncidentPortalEMP.view.xml": 1720674086952,
  "view/App.view.xml": 1720674086952,
  "css/style.css": 1720674086952,
  "index.html": 1720674086952
}