{
  "Component-dbg.js": 1720502610308,
  "controller/App.controller.js": 1720502610308,
  "controller/reportincident.controller.js": 1720511928600,
  "model/models.js": 1720502610308,
  "manifest.json": 1720595279467,
  "Component.js": 1720502610308,
  "controller/App-dbg.controller.js": 1720502610308,
  "controller/App.controller.js.map": 1720595279683,
  "controller/reportincident-dbg.controller.js": 1720511928600,
  "controller/reportincident.controller.js.map": 1720595279740,
  "model/models-dbg.js": 1720502610308,
  "model/models.js.map": 1720595279680,
  "i18n/i18n.properties": 1720502610308,
  "Component.js.map": 1720595279685,
  "Component-preload.js": 1720595280015,
  "Component-preload.js.map": 1720595280015,
  "view/reportincident.view.xml": 1720502610308,
  "view/App.view.xml": 1720502610308,
  "fragments/loaddraft.fragment.xml": 1720502610308,
  "fragments/EmployeeSupList.fragment.xml": 1720502610308,
  "css/style.css": 1720502610308,
  "index.html": 1720502610308
}