{
  "manifest.json": 1716965022599,
  "i18n/i18n.properties": 1716960952447,
  "controller/reportincident.controller.js": 1716908339025,
  "controller/App.controller.js": 1716908160709,
  "model/models.js": 1716908160705,
  "Component.js": 1716908160697,
  "controller/App-dbg.controller.js": 1716908160709,
  "controller/App.controller.js.map": 1716965022845,
  "controller/reportincident-dbg.controller.js": 1716908339025,
  "controller/reportincident.controller.js.map": 1716965022931,
  "model/models-dbg.js": 1716908160705,
  "model/models.js.map": 1716965022846,
  "Component-dbg.js": 1716908160697,
  "Component.js.map": 1716965022848,
  "Component-preload.js": 1716965023337,
  "Component-preload.js.map": 1716965023337,
  "view/reportincident.view.xml": 1716908391125,
  "view/App.view.xml": 1716908160713,
  "fragments/loaddraft.fragment.xml": 1716919386360,
  "fragments/EmployeeSupList.fragment.xml": 1716919396495,
  "css/style.css": 1716908160709,
  "index.html": 1716908160697
}