{
  "view/App.view.xml": 1726636057729,
  "model/models.js": 1726636057729,
  "controller/reportincident.controller.js": 1727781306475,
  "controller/App.controller.js": 1726636057729,
  "manifest.json": 1727781360022,
  "Component.js": 1726636057729,
  "model/models-dbg.js": 1726636057729,
  "model/models.js.map": 1727781360206,
  "controller/reportincident-dbg.controller.js": 1727781306475,
  "controller/reportincident.controller.js.map": 1727781360266,
  "controller/App-dbg.controller.js": 1726636057729,
  "controller/App.controller.js.map": 1727781360203,
  "Component-dbg.js": 1726636057729,
  "Component.js.map": 1727781360206,
  "Component-preload.js": 1727781360498,
  "Component-preload.js.map": 1727781360498,
  "view/reportincident.view.xml": 1727675941911,
  "i18n/i18n.properties": 1726636057729,
  "fragments/loaddraft.fragment.xml": 1727676093831,
  "fragments/EmployeeSupList.fragment.xml": 1726636057729,
  "css/style.css": 1726636057729,
  "index.html": 1726636057729
}