{
  "view/App.view.xml": 1716919751866,
  "controller/IncidentPortal.controller.js": 1716920074438,
  "controller/IncidentPortalLanding.controller.js": 1716920038806,
  "model/models.js": 1716919751858,
  "controller/App.controller.js": 1716919751862,
  "manifest.json": 1716965028403,
  "Component.js": 1716920109185,
  "Component-dbg.js": 1716920109185,
  "Component.js.map": 1716965028653,
  "controller/IncidentPortalLanding-dbg.controller.js": 1716920038806,
  "controller/IncidentPortalLanding.controller.js.map": 1716965028678,
  "model/models-dbg.js": 1716919751858,
  "model/models.js.map": 1716965028654,
  "controller/App-dbg.controller.js": 1716919751862,
  "controller/App.controller.js.map": 1716965028651,
  "controller/IncidentPortal-dbg.controller.js": 1716920074438,
  "controller/IncidentPortal.controller.js.map": 1716965028785,
  "Component-preload.js": 1716965029229,
  "Component-preload.js.map": 1716965029229,
  "view/IncidentPortalLanding.view.xml": 1716919858885,
  "view/IncidentPortal.view.xml": 1716919880733,
  "i18n/i18n.properties": 1716960609183,
  "fragments/Notes.fragment.xml": 1716919996407,
  "fragments/InvestigationBy.fragment.xml": 1716919977991,
  "fragments/FollowUp.fragment.xml": 1716919958236,
  "fragments/CorrectiveAction.fragment.xml": 1716919934652,
  "css/style.css": 1716919751862,
  "index.html": 1716919751854
}