{
  "controller/IncidentPortal.controller.js": 1720700268787,
  "controller/IncidentPortalLanding.controller.js": 1720674086948,
  "model/models.js": 1720674086948,
  "i18n/i18n.properties": 1720674086948,
  "controller/App.controller.js": 1720674086948,
  "manifest.json": 1720704514255,
  "Component.js": 1720674086948,
  "controller/App-dbg.controller.js": 1720674086948,
  "controller/App.controller.js.map": 1720704514667,
  "model/models-dbg.js": 1720674086948,
  "model/models.js.map": 1720704514649,
  "controller/IncidentPortal-dbg.controller.js": 1720700268787,
  "controller/IncidentPortal.controller.js.map": 1720704515038,
  "controller/IncidentPortalLanding-dbg.controller.js": 1720674086948,
  "controller/IncidentPortalLanding.controller.js.map": 1720704514769,
  "Component-dbg.js": 1720674086948,
  "Component.js.map": 1720704514667,
  "Component-preload.js": 1720704515643,
  "Component-preload.js.map": 1720704515643,
  "view/IncidentPortalLanding.view.xml": 1720674086948,
  "view/IncidentPortal.view.xml": 1720674086948,
  "view/App.view.xml": 1720674086948,
  "fragments/Notes.fragment.xml": 1720674086948,
  "fragments/InvestigationBy.fragment.xml": 1720674086948,
  "fragments/FollowUp.fragment.xml": 1720674086948,
  "fragments/CorrectiveAction.fragment.xml": 1720674086948,
  "css/style.css": 1720674086948,
  "index.html": 1720674086948
}