{
  "controller/IncidentPortalLanding-dbg.controller.js": 1721114519557,
  "controller/IncidentPortalLanding.controller.js": 1721114519557,
  "model/models.js": 1721114519557,
  "controller/IncidentPortal.controller.js": 1721114519557,
  "controller/App.controller.js": 1721114519557,
  "manifest.json": 1721118891178,
  "Component.js": 1721114519557,
  "Component-dbg.js": 1721114519557,
  "Component.js.map": 1721118891496,
  "model/models-dbg.js": 1721114519557,
  "model/models.js.map": 1721118891494,
  "controller/IncidentPortal-dbg.controller.js": 1721114519557,
  "controller/IncidentPortal.controller.js.map": 1721118891641,
  "controller/App-dbg.controller.js": 1721114519557,
  "controller/App.controller.js.map": 1721118891491,
  "i18n/i18n.properties": 1721118415768,
  "controller/IncidentPortalLanding.controller.js.map": 1721118891515,
  "Component-preload.js": 1721118892028,
  "Component-preload.js.map": 1721118892028,
  "view/IncidentPortalLanding.view.xml": 1721114519557,
  "view/IncidentPortal.view.xml": 1721114519557,
  "view/App.view.xml": 1721114519557,
  "fragments/Notes.fragment.xml": 1721114519557,
  "fragments/InvestigationBy.fragment.xml": 1721114519557,
  "fragments/FollowUp.fragment.xml": 1721114519557,
  "fragments/CorrectiveAction.fragment.xml": 1721114519557,
  "css/style.css": 1721114519557,
  "index.html": 1721114519557
}