{
  "fragments/CorrectiveAction.fragment.xml": 1726636057717,
  "controller/IncidentPortalLanding.controller.js": 1727079564135,
  "model/models.js": 1726636057717,
  "controller/IncidentPortal.controller.js": 1727688125084,
  "controller/App.controller.js": 1726636057713,
  "manifest.json": 1727781364071,
  "Component.js": 1726636057713,
  "Component-dbg.js": 1726636057713,
  "Component.js.map": 1727781364289,
  "model/models-dbg.js": 1726636057717,
  "model/models.js.map": 1727781364298,
  "controller/IncidentPortal-dbg.controller.js": 1727688125084,
  "controller/IncidentPortal.controller.js.map": 1727781364445,
  "controller/App-dbg.controller.js": 1726636057713,
  "controller/App.controller.js.map": 1727781364296,
  "controller/IncidentPortalLanding-dbg.controller.js": 1727079564135,
  "controller/IncidentPortalLanding.controller.js.map": 1727781364307,
  "Component-preload.js": 1727781364729,
  "Component-preload.js.map": 1727781364729,
  "view/IncidentPortalLanding.view.xml": 1726636057717,
  "view/IncidentPortal.view.xml": 1727767027515,
  "view/App.view.xml": 1726636057717,
  "fragments/Notes.fragment.xml": 1726636057717,
  "fragments/InvestigationBy.fragment.xml": 1726636057717,
  "fragments/FollowUp.fragment.xml": 1726636057717,
  "i18n/i18n.properties": 1726636057717,
  "css/style.css": 1726636057717,
  "index.html": 1726636057717
}