{
  "manifest.json": 1720595283677,
  "model/models.js": 1720502610300,
  "controller/IncidentPortalLanding.controller.js": 1720503703699,
  "controller/IncidentPortal.controller.js": 1720592075720,
  "controller/App.controller.js": 1720502610296,
  "i18n/i18n.properties": 1720502610300,
  "Component.js": 1720502610296,
  "controller/IncidentPortal-dbg.controller.js": 1720592075720,
  "controller/IncidentPortal.controller.js.map": 1720595284032,
  "controller/IncidentPortalLanding-dbg.controller.js": 1720503703699,
  "controller/IncidentPortalLanding.controller.js.map": 1720595283928,
  "model/models-dbg.js": 1720502610300,
  "model/models.js.map": 1720595283914,
  "controller/App-dbg.controller.js": 1720502610296,
  "controller/App.controller.js.map": 1720595283907,
  "Component-dbg.js": 1720502610296,
  "Component.js.map": 1720595283913,
  "Component-preload.js": 1720595284361,
  "Component-preload.js.map": 1720595284361,
  "view/IncidentPortalLanding.view.xml": 1720590502600,
  "view/IncidentPortal.view.xml": 1720592148487,
  "view/App.view.xml": 1720502610300,
  "fragments/Notes.fragment.xml": 1720502610300,
  "fragments/InvestigationBy.fragment.xml": 1720502610300,
  "fragments/FollowUp.fragment.xml": 1720502610300,
  "fragments/CorrectiveAction.fragment.xml": 1720502610300,
  "css/style.css": 1720502610300,
  "index.html": 1720502610300
}