{
  "Component-preload.js.map": 1720595288847,
  "manifest.json": 1720595288180,
  "controller/IncidentPortalLandingHS.controller.js": 1720589531844,
  "controller/IncidentPortalHS.controller.js": 1720592520595,
  "controller/App.controller.js": 1720502610300,
  "model/models.js": 1720502610300,
  "Component.js": 1720502610300,
  "controller/IncidentPortalLandingHS-dbg.controller.js": 1720589531844,
  "controller/IncidentPortalLandingHS.controller.js.map": 1720595288430,
  "controller/IncidentPortalHS-dbg.controller.js": 1720592520595,
  "controller/IncidentPortalHS.controller.js.map": 1720595288528,
  "controller/App-dbg.controller.js": 1720502610300,
  "controller/App.controller.js.map": 1720595288420,
  "model/models-dbg.js": 1720502610300,
  "model/models.js.map": 1720595288421,
  "Component-dbg.js": 1720502610300,
  "Component.js.map": 1720595288425,
  "Component-preload.js": 1720595288847,
  "i18n/i18n.properties": 1720502610300,
  "view/IncidentPortalLandingHS.view.xml": 1720590415666,
  "view/IncidentPortalHS.view.xml": 1720592326903,
  "view/App.view.xml": 1720502610300,
  "fragments/Notes.fragment.xml": 1720502610300,
  "fragments/InvestigationBy.fragment.xml": 1720502610300,
  "fragments/FollowUp.fragment.xml": 1720502610300,
  "fragments/CorrectiveAction.fragment.xml": 1720502610300,
  "css/style.css": 1720502610300,
  "index.html": 1720502610300
}