{
  "controller/IncidentPortalHS.controller.js.map": 1727781368647,
  "controller/IncidentPortalHS.controller.js": 1726636057725,
  "controller/IncidentPortalLandingHS.controller.js": 1726636057725,
  "model/models.js": 1726636057725,
  "controller/App.controller.js": 1726636057725,
  "manifest.json": 1727781368206,
  "Component.js": 1726636057725,
  "controller/App-dbg.controller.js": 1726636057725,
  "controller/App.controller.js.map": 1727781368512,
  "controller/IncidentPortalLandingHS-dbg.controller.js": 1726636057725,
  "controller/IncidentPortalLandingHS.controller.js.map": 1727781368531,
  "model/models-dbg.js": 1726636057725,
  "model/models.js.map": 1727781368513,
  "controller/IncidentPortalHS-dbg.controller.js": 1726636057725,
  "i18n/i18n.properties": 1726636057725,
  "Component-dbg.js": 1726636057725,
  "Component.js.map": 1727781368518,
  "Component-preload.js": 1727781368967,
  "Component-preload.js.map": 1727781368967,
  "view/IncidentPortalLandingHS.view.xml": 1726636057725,
  "view/IncidentPortalHS.view.xml": 1726636057725,
  "view/App.view.xml": 1726636057725,
  "fragments/Notes.fragment.xml": 1726636057725,
  "fragments/InvestigationBy.fragment.xml": 1726636057725,
  "fragments/FollowUp.fragment.xml": 1726636057725,
  "fragments/CorrectiveAction.fragment.xml": 1726636057725,
  "css/style.css": 1726636057725,
  "index.html": 1726636057725
}