{
  "controller/App-dbg.controller.js": 1716920670765,
  "manifest.json": 1716965034110,
  "controller/IncidentPortalLandingHS.controller.js": 1716920750328,
  "controller/IncidentPortalHS.controller.js": 1716920776392,
  "controller/App.controller.js": 1716920670765,
  "model/models.js": 1716920670765,
  "Component.js": 1716920968869,
  "controller/IncidentPortalLandingHS-dbg.controller.js": 1716920750328,
  "controller/IncidentPortalLandingHS.controller.js.map": 1716965034365,
  "controller/IncidentPortalHS-dbg.controller.js": 1716920776392,
  "controller/IncidentPortalHS.controller.js.map": 1716965034456,
  "i18n/i18n.properties": 1716960792661,
  "controller/App.controller.js.map": 1716965034335,
  "model/models-dbg.js": 1716920670765,
  "model/models.js.map": 1716965034335,
  "Component-dbg.js": 1716920968869,
  "Component.js.map": 1716965034342,
  "Component-preload.js": 1716965034901,
  "Component-preload.js.map": 1716965034902,
  "view/IncidentPortalLandingHS.view.xml": 1716920826471,
  "view/IncidentPortalHS.view.xml": 1716920847147,
  "view/App.view.xml": 1716920670769,
  "fragments/Notes.fragment.xml": 1716920945418,
  "fragments/InvestigationBy.fragment.xml": 1716920929042,
  "fragments/FollowUp.fragment.xml": 1716920907302,
  "fragments/CorrectiveAction.fragment.xml": 1716920883410,
  "css/style.css": 1716920670769,
  "index.html": 1716920670757
}