{
  "model/models.js": 1721114519565,
  "i18n/i18n.properties": 1721118572748,
  "controller/IncidentPortalLandingHS.controller.js": 1721114519565,
  "controller/IncidentPortalHS.controller.js": 1721114519565,
  "controller/App.controller.js": 1721114519565,
  "manifest.json": 1721118897279,
  "Component.js": 1721114519565,
  "Component-dbg.js": 1721114519565,
  "Component.js.map": 1721118897574,
  "controller/IncidentPortalLandingHS-dbg.controller.js": 1721114519565,
  "controller/IncidentPortalLandingHS.controller.js.map": 1721118897590,
  "controller/IncidentPortalHS-dbg.controller.js": 1721114519565,
  "controller/IncidentPortalHS.controller.js.map": 1721118897752,
  "controller/App-dbg.controller.js": 1721114519565,
  "controller/App.controller.js.map": 1721118897568,
  "model/models-dbg.js": 1721114519565,
  "model/models.js.map": 1721118897574,
  "Component-preload.js": 1721118898171,
  "Component-preload.js.map": 1721118898171,
  "view/IncidentPortalLandingHS.view.xml": 1721114519569,
  "view/IncidentPortalHS.view.xml": 1721114519569,
  "view/App.view.xml": 1721114519565,
  "fragments/Notes.fragment.xml": 1721114519565,
  "fragments/InvestigationBy.fragment.xml": 1721114519565,
  "fragments/FollowUp.fragment.xml": 1721114519565,
  "fragments/CorrectiveAction.fragment.xml": 1721114519565,
  "css/style.css": 1721114519565,
  "index.html": 1721114519565
}