{
  "controller/reportincident.controller.js": 1720696985349,
  "Component.js": 1720674086960,
  "i18n/i18n.properties": 1720674086960,
  "controller/App.controller.js": 1720674086960,
  "manifest.json": 1720704507161,
  "model/models.js": 1720674086960,
  "model/models-dbg.js": 1720674086960,
  "model/models.js.map": 1720704507515,
  "controller/reportincident-dbg.controller.js": 1720696985349,
  "controller/reportincident.controller.js.map": 1720704507639,
  "controller/App-dbg.controller.js": 1720674086960,
  "controller/App.controller.js.map": 1720704507520,
  "Component-dbg.js": 1720674086960,
  "Component.js.map": 1720704507516,
  "Component-preload.js": 1720704508133,
  "Component-preload.js.map": 1720704508133,
  "view/reportincident.view.xml": 1720674086960,
  "view/App.view.xml": 1720674086960,
  "fragments/loaddraft.fragment.xml": 1720702538980,
  "fragments/EmployeeSupList.fragment.xml": 1720674086960,
  "css/style.css": 1720674086960,
  "index.html": 1720674086960
}