{
  "model/models.js": 1721114519569,
  "controller/reportincident.controller.js": 1721114519569,
  "i18n/i18n.properties": 1721118672542,
  "controller/App.controller.js": 1721114519569,
  "manifest.json": 1721118885237,
  "Component.js": 1721114519569,
  "controller/reportincident-dbg.controller.js": 1721114519569,
  "controller/reportincident.controller.js.map": 1721118885557,
  "model/models-dbg.js": 1721114519569,
  "model/models.js.map": 1721118885484,
  "controller/App-dbg.controller.js": 1721114519569,
  "controller/App.controller.js.map": 1721118885482,
  "Component-dbg.js": 1721114519569,
  "Component.js.map": 1721118885490,
  "Component-preload.js": 1721118885850,
  "Component-preload.js.map": 1721118885850,
  "view/reportincident.view.xml": 1721114519569,
  "view/App.view.xml": 1721114519569,
  "fragments/loaddraft.fragment.xml": 1721114519569,
  "fragments/EmployeeSupList.fragment.xml": 1721114519569,
  "css/style.css": 1721114519569,
  "index.html": 1721114519569
}